Workbook

Sheet Dashboard
B2: Evergreen Research Reserve
B3: Forest Analytics Dashboard · FY 2024 · Fictitious demonstration data
B5: Monitoring forest health, growth, and biodiversity across 10 regions and 702 hectares.
B7: TOTAL AREA | E7: TREES SURVEYED | H7: CO₂ SEQUESTERED (2024)
B8: ='Forest Inventory'!I5 -> 702.6 | E8: ='Forest Inventory'!F30 -> 48790 | H8: ='Carbon & Growth'!C18 -> 27680
B9: HECTARES | E9: TOTAL | H9: TONNES
B11: SPECIES TRACKED | E11: AVG HEALTH SCORE | H11: AVG BIODIVERSITY
B12: =COUNTA('Species Analysis'!B9:B23) -> 15 | E12: =AVERAGE('Forest Inventory'!J9:J28) -> 82.3 | H12: =AVERAGE('Biodiversity Index'!H9:H18) -> 77
B13: UNIQUE | E13: OUT OF 100 | H13: INDEX SCORE
B15: Regional Overview
B17: Region | C17: Plots | D17: Area (ha) | E17: Trees | F17: Biomass (t) | G17: Health | H17: Biodiversity
B18: Northridge | C18: =COUNTIF('Forest Inventory'!C9:C28,B18) -> 2 | D18: =SUMIF('Forest Inventory'!C9:C28,B18,'Forest Inventory'!E9:E28) -> 80.6 | E18: =SUMIF('Forest Inventory'!C9:C28,B18,'Forest Inventory'!F9:F28) -> 5900 | F18: =SUMIF('Forest Inventory'!C9:C28,B18,'Forest Inventory'!I9:I28) -> 3365 | G18: =AVERAGEIF('Forest Inventory'!C9:C28,B18,'Forest Inventory'!J9:J28) -> 86 | H18: =IFERROR(VLOOKUP(B18,'Biodiversity Index'!B9:H18,7,FALSE),"—") -> 74
B19: Willowbrook | C19: =COUNTIF('Forest Inventory'!C9:C28,B19) -> 2 | D19: =SUMIF('Forest Inventory'!C9:C28,B19,'Forest Inventory'!E9:E28) -> 43.1 | E19: =SUMIF('Forest Inventory'!C9:C28,B19,'Forest Inventory'!F9:F28) -> 3260 | F19: =SUMIF('Forest Inventory'!C9:C28,B19,'Forest Inventory'!I9:I28) -> 1492 | G19: =AVERAGEIF('Forest Inventory'!C9:C28,B19,'Forest Inventory'!J9:J28) -> 80.5 | H19: =IFERROR(VLOOKUP(B19,'Biodiversity Index'!B9:H18,7,FALSE),"—") -> 85
B20: Cedar Hollow | C20: =COUNTIF('Forest Inventory'!C9:C28,B20) -> 2 | D20: =SUMIF('Forest Inventory'!C9:C28,B20,'Forest Inventory'!E9:E28) -> 103.9 | E20: =SUMIF('Forest Inventory'!C9:C28,B20,'Forest Inventory'!F9:F28) -> 5590 | F20: =SUMIF('Forest Inventory'!C9:C28,B20,'Forest Inventory'!I9:I28) -> 6050 | G20: =AVERAGEIF('Forest Inventory'!C9:C28,B20,'Forest Inventory'!J9:J28) -> 93 | H20: =IFERROR(VLOOKUP(B20,'Biodiversity Index'!B9:H18,7,FALSE),"—") -> 100
B21: Mossvale | C21: =COUNTIF('Forest Inventory'!C9:C28,B21) -> 2 | D21: =SUMIF('Forest Inventory'!C9:C28,B21,'Forest Inventory'!E9:E28) -> 63 | E21: =SUMIF('Forest Inventory'!C9:C28,B21,'Forest Inventory'!F9:F28) -> 4620 | F21: =SUMIF('Forest Inventory'!C9:C28,B21,'Forest Inventory'!I9:I28) -> 2385 | G21: =AVERAGEIF('Forest Inventory'!C9:C28,B21,'Forest Inventory'!J9:J28) -> 79 | H21: =IFERROR(VLOOKUP(B21,'Biodiversity Index'!B9:H18,7,FALSE),"—") -> 65
B22: Birchfield | C22: =COUNTIF('Forest Inventory'!C9:C28,B22) -> 2 | D22: =SUMIF('Forest Inventory'!C9:C28,B22,'Forest Inventory'!E9:E28) -> 78 | E22: =SUMIF('Forest Inventory'!C9:C28,B22,'Forest Inventory'!F9:F28) -> 5700 | F22: =SUMIF('Forest Inventory'!C9:C28,B22,'Forest Inventory'!I9:I28) -> 2790 | G22: =AVERAGEIF('Forest Inventory'!C9:C28,B22,'Forest Inventory'!J9:J28) -> 79 | H22: =IFERROR(VLOOKUP(B22,'Biodiversity Index'!B9:H18,7,FALSE),"—") -> 77
B23: Fernglen | C23: =COUNTIF('Forest Inventory'!C9:C28,B23) -> 2 | D23: =SUMIF('Forest Inventory'!C9:C28,B23,'Forest Inventory'!E9:E28) -> 37 | E23: =SUMIF('Forest Inventory'!C9:C28,B23,'Forest Inventory'!F9:F28) -> 2800 | F23: =SUMIF('Forest Inventory'!C9:C28,B23,'Forest Inventory'!I9:I28) -> 1215 | G23: =AVERAGEIF('Forest Inventory'!C9:C28,B23,'Forest Inventory'!J9:J28) -> 76.5 | H23: =IFERROR(VLOOKUP(B23,'Biodiversity Index'!B9:H18,7,FALSE),"—") -> 69
B24: Pinehurst | C24: =COUNTIF('Forest Inventory'!C9:C28,B24) -> 2 | D24: =SUMIF('Forest Inventory'!C9:C28,B24,'Forest Inventory'!E9:E28) -> 98.3 | E24: =SUMIF('Forest Inventory'!C9:C28,B24,'Forest Inventory'!F9:F28) -> 7200 | F24: =SUMIF('Forest Inventory'!C9:C28,B24,'Forest Inventory'!I9:I28) -> 4090 | G24: =AVERAGEIF('Forest Inventory'!C9:C28,B24,'Forest Inventory'!J9:J28) -> 87.5 | H24: =IFERROR(VLOOKUP(B24,'Biodiversity Index'!B9:H18,7,FALSE),"—") -> 71
B25: Oakridge | C25: =COUNTIF('Forest Inventory'!C9:C28,B25) -> 2 | D25: =SUMIF('Forest Inventory'!C9:C28,B25,'Forest Inventory'!E9:E28) -> 72.2 | E25: =SUMIF('Forest Inventory'!C9:C28,B25,'Forest Inventory'!F9:F28) -> 5270 | F25: =SUMIF('Forest Inventory'!C9:C28,B25,'Forest Inventory'!I9:I28) -> 2665 | G25: =AVERAGEIF('Forest Inventory'!C9:C28,B25,'Forest Inventory'!J9:J28) -> 81.5 | H25: =IFERROR(VLOOKUP(B25,'Biodiversity Index'!B9:H18,7,FALSE),"—") -> 82
B26: Silverbrook | C26: =COUNTIF('Forest Inventory'!C9:C28,B26) -> 2 | D26: =SUMIF('Forest Inventory'!C9:C28,B26,'Forest Inventory'!E9:E28) -> 63.1 | E26: =SUMIF('Forest Inventory'!C9:C28,B26,'Forest Inventory'!F9:F28) -> 3840 | F26: =SUMIF('Forest Inventory'!C9:C28,B26,'Forest Inventory'!I9:I28) -> 3130 | G26: =AVERAGEIF('Forest Inventory'!C9:C28,B26,'Forest Inventory'!J9:J28) -> 82.5 | H26: =IFERROR(VLOOKUP(B26,'Biodiversity Index'!B9:H18,7,FALSE),"—") -> 87
B27: Hollowvale | C27: =COUNTIF('Forest Inventory'!C9:C28,B27) -> 2 | D27: =SUMIF('Forest Inventory'!C9:C28,B27,'Forest Inventory'!E9:E28) -> 63.4 | E27: =SUMIF('Forest Inventory'!C9:C28,B27,'Forest Inventory'!F9:F28) -> 4610 | F27: =SUMIF('Forest Inventory'!C9:C28,B27,'Forest Inventory'!I9:I28) -> 2305 | G27: =AVERAGEIF('Forest Inventory'!C9:C28,B27,'Forest Inventory'!J9:J28) -> 77.5 | H27: =IFERROR(VLOOKUP(B27,'Biodiversity Index'!B9:H18,7,FALSE),"—") -> 60
B30: Data sheets — Forest Inventory · Species Analysis · Carbon & Growth · Biodiversity Index
B32: Created by Claude for Excel

Sheet Forest Inventory
B2: Forest Inventory
B3: Plot-level survey of the Evergreen Research Reserve — fictitious dataset for demonstration
B5: Survey window | C5: Mar 2024 – Aug 2024 | E5: Plots surveyed | F5: =COUNTA(B9:B28) -> 20 | H5: Total area (ha) | I5: =SUM(E9:E28) -> 702.6
B7: Plot ID | C7: Region | D7: Forest Type | E7: Area (ha) | F7: Tree Count | G7: Avg DBH (cm) | H7: Canopy Cover | I7: Biomass (t) | J7: Health Score | K7: Trees / ha
B9: EV-001 | C9: Northridge | D9: Boreal Conifer | E9: 42.5 | F9: 3120 | G9: 38.2 | H9: 0.82 | I9: 1845 | J9: 88 | K9: =F9/E9 -> 73.411765
B10: EV-002 | C10: Northridge | D10: Mixed Temperate | E10: 38.1 | F10: 2780 | G10: 34.7 | H10: 0.78 | I10: 1520 | J10: 84 | K10: =F10/E10 -> 72.965879
B11: EV-003 | C11: Willowbrook | D11: Riparian | E11: 15.3 | F11: 1210 | G11: 28.4 | H11: 0.71 | I11: 512 | J11: 79 | K11: =F11/E11 -> 79.084967
B12: EV-004 | C12: Willowbrook | D12: Mixed Temperate | E12: 27.8 | F12: 2050 | G12: 32.1 | H12: 0.76 | I12: 980 | J12: 82 | K12: =F12/E12 -> 73.741007
B13: EV-005 | C13: Cedar Hollow | D13: Old-growth Conifer | E13: 55.2 | F13: 2980 | G13: 54.6 | H13: 0.91 | I13: 3210 | J13: 94 | K13: =F13/E13 -> 53.985507
B14: EV-006 | C14: Cedar Hollow | D14: Old-growth Conifer | E14: 48.7 | F14: 2610 | G14: 51.3 | H14: 0.89 | I14: 2840 | J14: 92 | K14: =F14/E14 -> 53.593429
B15: EV-007 | C15: Mossvale | D15: Broadleaf Deciduous | E15: 33.4 | F15: 2440 | G15: 36.8 | H15: 0.74 | I15: 1280 | J15: 81 | K15: =F15/E15 -> 73.053892
B16: EV-008 | C16: Mossvale | D16: Broadleaf Deciduous | E16: 29.6 | F16: 2180 | G16: 35.2 | H16: 0.72 | I16: 1105 | J16: 77 | K16: =F16/E16 -> 73.648649
B17: EV-009 | C17: Birchfield | D17: Mixed Temperate | E17: 41.2 | F17: 3010 | G17: 33.5 | H17: 0.75 | I17: 1480 | J17: 80 | K17: =F17/E17 -> 73.058252
B18: EV-010 | C18: Birchfield | D18: Broadleaf Deciduous | E18: 36.8 | F18: 2690 | G18: 34.1 | H18: 0.73 | I18: 1310 | J18: 78 | K18: =F18/E18 -> 73.097826
B19: EV-011 | C19: Fernglen | D19: Riparian | E19: 12.7 | F19: 980 | G19: 26.9 | H19: 0.68 | I19: 395 | J19: 72 | K19: =F19/E19 -> 77.165354
B20: EV-012 | C20: Fernglen | D20: Mixed Temperate | E20: 24.3 | F20: 1820 | G20: 31.4 | H20: 0.74 | I20: 820 | J20: 81 | K20: =F20/E20 -> 74.897119
... B28: EV-020 | C28: Hollowvale | D28: Mixed Temperate | E28: 35.1 | F28: 2560 | G28: 32.7 | H28: 0.74 | I28: 1265 | J28: 79 | K28: =F28/E28 -> 72.934473
B30: TOTAL / AVG | E30: =SUM(E9:E28) -> 702.6 | F30: =SUM(F9:F28) -> 48790 | G30: =AVERAGE(G9:G28) -> 36.6 | H30: =AVERAGE(H9:H28) -> 0.771 | I30: =SUM(I9:I28) -> 29487 | J30: =AVERAGE(J9:J28) -> 82.3 | K30: =F30/E30 -> 69.442072
B32: Health Score: 0–100 composite of pest incidence, foliage density, and mortality rate.

Sheet Species Analysis
B2: Species Analysis
B3: Distribution, dominance, and ecological role of observed tree species
B7: Common Name | C7: Category | D7: Count | E7: Share | F7: Avg Height (m) | G7: Avg Lifespan (yr) | H7: Carbon / tree (kg) | I7: Status
V8: Species | W8: Count
B9: Silver Birch | C9: Deciduous | D9: 8420 | E9: =D9/SUM($D$9:$D$23) -> 0.17618749 | F9: 45 | G9: 120 | H9: 285 | I9: Stable | V9: =B9 -> Silver Birch | W9: =D9 -> 8420
B10: Scots Pine | C10: Conifer | D10: 6710 | E10: =D10/SUM($D$9:$D$23) -> 0.14040594 | F10: 55 | G10: 210 | H10: 520 | I10: Stable | V10: =B10 -> Scots Pine | W10: =D10 -> 6710
B11: European Beech | C11: Deciduous | D11: 5930 | E11: =D11/SUM($D$9:$D$23) -> 0.12408454 | F11: 40 | G11: 300 | H11: 610 | I11: Stable | V11: =B11 -> European Beech | W11: =D11 -> 5930
B12: Norway Spruce | C12: Conifer | D12: 5240 | E12: =D12/SUM($D$9:$D$23) -> 0.10964637 | F12: 50 | G12: 250 | H12: 480 | I12: Stable | V12: =B12 -> Norway Spruce | W12: =D12 -> 5240
B13: Sessile Oak | C13: Deciduous | D13: 4180 | E13: =D13/SUM($D$9:$D$23) -> 0.087465997 | F13: 35 | G13: 600 | H13: 890 | I13: Monitored | V13: =B13 -> Sessile Oak | W13: =D13 -> 4180
B14: Black Alder | C14: Deciduous | D14: 3620 | E14: =D14/SUM($D$9:$D$23) -> 0.075748064 | F14: 28 | G14: 100 | H14: 210 | I14: Stable | V14: =B14 -> Black Alder | W14: =D14 -> 3620
B15: Douglas Fir | C15: Conifer | D15: 3150 | E15: =D15/SUM($D$9:$D$23) -> 0.065913371 | F15: 60 | G15: 500 | H15: 720 | I15: Stable | V15: =B15 -> Douglas Fir | W15: =D15 -> 3150
B16: Rowan | C16: Deciduous | D16: 2480 | E16: =D16/SUM($D$9:$D$23) -> 0.051893702 | F16: 15 | G16: 150 | H16: 95 | I16: Stable | V16: =B16 -> Rowan | W16: =D16 -> 2480
B17: Western Hemlock | C17: Conifer | D17: 2100 | E17: =D17/SUM($D$9:$D$23) -> 0.043942247 | F17: 55 | G17: 400 | H17: 560 | I17: Monitored | V17: =B17 -> Western Hemlock | W17: =D17 -> 2100
B18: Mountain Ash | C18: Deciduous | D18: 1740 | E18: =D18/SUM($D$9:$D$23) -> 0.036409291 | F18: 18 | G18: 120 | H18: 120 | I18: Recovering | V18: =B18 -> Mountain Ash | W18: =D18 -> 1740
B19: White Willow | C19: Riparian | D19: 1320 | E19: =D19/SUM($D$9:$D$23) -> 0.027620841 | F19: 22 | G19: 80 | H19: 160 | I19: Monitored | V19: =B19 -> White Willow | W19: =D19 -> 1320
B20: Aspen | C20: Deciduous | D20: 980 | E20: =D20/SUM($D$9:$D$23) -> 0.020506382 | F20: 25 | G20: 80 | H20: 140 | I20: Stable | V20: =B20 -> Aspen | W20: =D20 -> 980
... B23: Juniper | C23: Conifer | D23: 560 | E23: =D23/SUM($D$9:$D$23) -> 0.011717933 | F23: 8 | G23: 180 | H23: 45 | I23: Protected | V23: =B23 -> Juniper | W23: =D23 -> 560

Sheet Carbon & Growth
B2: Carbon & Growth
B3: Annual carbon sequestration and stand growth metrics, 2015–2024
B7: Year | C7: CO₂ Sequestered (t) | D7: Biomass Growth (t) | E7: New Seedlings | F7: Mortality Rate | G7: YoY Growth
B9: 2015 | C9: 18420 | D9: 9240 | E9: 14800 | F9: 0.028 | G9: —
B10: 2016 | C10: 19150 | D10: 9520 | E10: 15200 | F10: 0.026 | G10: =C10/C9 - 1 -> 0.039630836
B11: 2017 | C11: 20080 | D11: 9880 | E11: 16100 | F11: 0.031 | G11: =C11/C10 - 1 -> 0.048563969
B12: 2018 | C12: 19720 | D12: 9610 | E12: 15400 | F12: 0.034 | G12: =C12/C11 - 1 -> -0.017928287
B13: 2019 | C13: 21340 | D13: 10420 | E13: 17200 | F13: 0.025 | G13: =C13/C12 - 1 -> 0.082150101
B14: 2020 | C14: 22150 | D14: 10780 | E14: 17900 | F14: 0.023 | G14: =C14/C13 - 1 -> 0.037956888
B15: 2021 | C15: 23480 | D15: 11320 | E15: 18650 | F15: 0.022 | G15: =C15/C14 - 1 -> 0.060045147
B16: 2022 | C16: 24910 | D16: 11950 | E16: 19400 | F16: 0.024 | G16: =C16/C15 - 1 -> 0.060902896
B17: 2023 | C17: 26240 | D17: 12510 | E17: 20350 | F17: 0.021 | G17: =C17/C16 - 1 -> 0.053392212
B18: 2024 | C18: 27680 | D18: 13180 | E18: 21100 | F18: 0.019 | G18: =C18/C17 - 1 -> 0.054878049
B20: 10-year totals & averages
B22: Total CO₂ sequestered (t) | C22: =SUM(C9:C18) -> 223170
B23: Avg annual biomass growth (t) | C23: =AVERAGE(D9:D18) -> 10841
B24: Total seedlings introduced | C24: =SUM(E9:E18) -> 176100
B25: Avg mortality rate | C25: =AVERAGE(F9:F18) -> 0.0253
B26: CAGR of sequestration | C26: =(C18/C9)^(1/9)-1 -> 0.046292085

Sheet Biodiversity Index
B2: Biodiversity Index
B3: Shannon – Simpson composite scoring of observed fauna and flora across regions
B7: Region | C7: Mammals | D7: Birds | E7: Insects | F7: Plants | G7: Shannon H' | H7: Index Score
B9: Northridge | C9: 18 | D9: 47 | E9: 142 | F9: 310 | G9: 3.42 | H9: =ROUND((G9-MIN($G$9:$G$18))/(MAX($G$9:$G$18)-MIN($G$9:$G$18))*40+60,0) -> 74
B10: Willowbrook | C10: 14 | D10: 52 | E10: 168 | F10: 285 | G10: 3.58 | H10: =ROUND((G10-MIN($G$9:$G$18))/(MAX($G$9:$G$18)-MIN($G$9:$G$18))*40+60,0) -> 85
B11: Cedar Hollow | C11: 22 | D11: 61 | E11: 195 | F11: 420 | G11: 3.81 | H11: =ROUND((G11-MIN($G$9:$G$18))/(MAX($G$9:$G$18)-MIN($G$9:$G$18))*40+60,0) -> 100
B12: Mossvale | C12: 16 | D12: 44 | E12: 128 | F12: 295 | G12: 3.29 | H12: =ROUND((G12-MIN($G$9:$G$18))/(MAX($G$9:$G$18)-MIN($G$9:$G$18))*40+60,0) -> 65
B13: Birchfield | C13: 19 | D13: 49 | E13: 151 | F13: 340 | G13: 3.47 | H13: =ROUND((G13-MIN($G$9:$G$18))/(MAX($G$9:$G$18)-MIN($G$9:$G$18))*40+60,0) -> 77
B14: Fernglen | C14: 12 | D14: 38 | E14: 175 | F14: 270 | G14: 3.35 | H14: =ROUND((G14-MIN($G$9:$G$18))/(MAX($G$9:$G$18)-MIN($G$9:$G$18))*40+60,0) -> 69
B15: Pinehurst | C15: 17 | D15: 45 | E15: 132 | F15: 305 | G15: 3.38 | H15: =ROUND((G15-MIN($G$9:$G$18))/(MAX($G$9:$G$18)-MIN($G$9:$G$18))*40+60,0) -> 71
B16: Oakridge | C16: 20 | D16: 53 | E16: 147 | F16: 360 | G16: 3.54 | H16: =ROUND((G16-MIN($G$9:$G$18))/(MAX($G$9:$G$18)-MIN($G$9:$G$18))*40+60,0) -> 82
B17: Silverbrook | C17: 15 | D17: 56 | E17: 182 | F17: 320 | G17: 3.62 | H17: =ROUND((G17-MIN($G$9:$G$18))/(MAX($G$9:$G$18)-MIN($G$9:$G$18))*40+60,0) -> 87
B18: Hollowvale | C18: 13 | D18: 41 | E18: 124 | F18: 260 | G18: 3.21 | H18: =ROUND((G18-MIN($G$9:$G$18))/(MAX($G$9:$G$18)-MIN($G$9:$G$18))*40+60,0) -> 60
